{
  "seen": {
    "184958": 1782146135.671505,
    "184963": 1782146135.671505
  },
  "tg_offset": 871423161
}